User_id,Firstname,Lastname
1,Timothy,Snyder
2,Scott,Jones
3,Debra,Kim
4,Steve,Austin
5,Andrew,Chavez
6,Philip,Nichols
7,Nicholas,Price
8,Angela,Lawrence
9,Alice,Martin
10,Kathy,Davis
11,Jeffrey,Wood
12,Martha,Howard
13,Anthony,Henry
14,Rose,Stewart
15,Nicole,Bishop
16,Linda,Weaver
17,Michelle,Bowman
18,Johnny,Henderson
19,Sean,Smith
20,Sandra,Garrett
21,Janet,Fuller
22,Harold,Gordon
23,Raymond,Wagner
24,Dorothy,Price
25,Dennis,Reyes
26,Lois,Walker
27,Christina,Fox
28,Jerry,Daniels
29,Jeffrey,Wheeler
30,Douglas,Fowler
31,Sara,Gonzales
32,Gerald,Gordon
33,Nancy,Webb
34,Jacqueline,Anderson
35,Todd,Weaver
36,Sara,Price
37,Nicholas,Morales
38,Tammy,Thompson
39,Jerry,Chavez
40,Tammy,Willis
41,Jessica,Jordan
42,Jerry,Reid
43,Henry,Bradley
44,Earl,Shaw
45,Kathleen,Johnston
46,Cynthia,Sims
47,Antonio,Lynch
48,Lois,Little
49,Ralph,Hall
50,Chris,Owens
51,Phyllis,Lee
52,Nicole,Carr
53,Amanda,Alvarez
54,Jesse,Boyd
55,Martha,Sullivan
56,Teresa,Castillo
57,Arthur,Sims
58,Kimberly,Fuller
59,Virginia,Ryan
60,Tammy,Jones
61,Mary,Henry
62,Nicholas,Garcia
63,James,Williams
64,Henry,Lawrence
65,Brenda,Duncan
66,Melissa,Castillo
67,Janice,Duncan
68,Raymond,Russell
69,Arthur,Green
70,Debra,Bowman
71,Aaron,Rivera
72,Kathryn,Phillips
73,Rebecca,Moreno
74,Philip,Ramirez
75,Janice,Rodriguez
76,Sandra,Hudson
77,Arthur,Jenkins
78,David,Martinez
79,Kimberly,Jackson
80,Lois,Welch
81,Terry,Rose
82,Shirley,Perez
83,Doris,Franklin
84,Kimberly,Hamilton
85,Tina,Riley
86,Rose,James
87,Robin,Gonzales
88,Marilyn,Martin
89,Anne,Welch
90,Susan,Weaver
91,Katherine,Kim
92,Aaron,Frazier
93,Joseph,Allen
94,Christopher,Morrison
95,James,Garza
96,Wanda,Cruz
97,Melissa,Montgomery
98,Fred,Chapman
99,Janice,Montgomery
100,Matthew,Diaz
101,Harold,Franklin
102,Catherine,Mills
103,Raymond,Kim
104,Bonnie,Robinson
105,Kimberly,Woods
106,Tina,Williams
107,Cheryl,Morrison
108,Joseph,Armstrong
109,Norma,Hanson
110,Aaron,Stanley
111,Robin,Montgomery
112,Ralph,Lynch
113,Carolyn,Gonzales
114,Terry,Knight
115,Joyce,Lee
116,Lawrence,Mason
117,Rachel,Sanders
118,Jesse,Flores
119,Jennifer,Hall
120,Ralph,Howard
121,Clarence,Arnold
122,Jessica,Reid
123,Wanda,Adams
124,William,Reynolds
125,Richard,Carroll
126,Roger,Nelson
127,Heather,Wells
128,Bobby,Chavez
129,Amanda,Anderson
130,Donna,Dean
131,Kenneth,Bradley
132,Wayne,Lawson
133,Ann,Stanley
134,Carl,Welch
135,Deborah,Rivera
136,Christina,Hernandez
137,Jean,Simpson
138,Roger,Bell
139,Bonnie,Fuller
140,Lawrence,Lane
141,Craig,Harris
142,Nicole,Johnson
143,Cynthia,Campbell
144,Donna,Morgan
145,Peter,Jackson
146,Janice,Reid
147,Rebecca,Brown
148,Sandra,Howard
149,Karen,Rogers
150,Randy,Sanchez
151,Andrew,Freeman
152,Deborah,Harvey
153,Harold,Andrews
154,Timothy,Hudson
155,Philip,Bryant
156,Julie,Phillips
157,Lisa,Cole
158,Douglas,Taylor
159,Craig,Carpenter
160,Lois,Coleman
161,Julie,Brown
162,Wanda,Carroll
163,Rachel,Marshall
164,Patricia,Gutierrez
165,Joyce,Morris
166,Denise,Powell
167,Russell,Martin
168,Ernest,Watson
169,Margaret,Coleman
170,Beverly,Peterson
171,Carl,Barnes
172,Tina,Gray
173,Emily,Hanson
174,Jessica,Hayes
175,Gary,Wagner
176,Kenneth,James
177,Sarah,Ortiz
178,Maria,Foster
179,Lawrence,Chavez
180,Anne,Taylor
181,Steven,Spencer
182,Andrew,Austin
183,Lisa,Bryant
184,Louis,Elliott
185,Barbara,Boyd
186,Aaron,Black
187,Julia,Lynch
188,Anna,Wright
189,Roger,Wagner
190,Katherine,Williams
191,Bruce,Gordon
192,Timothy,Carr
193,Donna,Hudson
194,Jessica,Meyer
195,Joe,Burns
196,Joyce,Grant
197,Anna,Rivera
198,Bruce,Burton
199,George,Turner
200,Justin,Brown
201,Nancy,West
202,Gary,Hayes
203,Pamela,Lee
204,Jonathan,Warren
205,Phyllis,Stevens
206,Alan,Gutierrez
207,Russell,Welch
208,Willie,Lawson
209,James,James
210,Jeremy,Morgan
211,John,Austin
212,Ashley,Mitchell
213,Harold,Lopez
214,Carolyn,Clark
215,Michael,Castillo
216,Ruth,Sullivan
217,Roy,Snyder
218,Scott,Tucker
219,Louis,Phillips
220,Thomas,Andrews
221,Joe,Smith
222,Harold,Jacobs
223,Brenda,Shaw
224,Stephanie,Johnson
225,Frances,Brooks
226,Gregory,Fields
227,Johnny,Gomez
228,Anthony,Ferguson
229,Howard,Stephens
230,Nicole,Richardson
231,Kathleen,Alexander
232,Amanda,Bradley
233,Raymond,Montgomery
234,Christopher,Hanson
235,Kathleen,White
236,Lois,Garrett
237,Bruce,Stewart
238,Andrea,Boyd
239,Amanda,Gray
240,Joan,Burke
241,Aaron,King
242,Jennifer,Davis
243,Diana,Moore
244,Jerry,Dean
245,Maria,Brown
246,Terry,Harvey
247,Cynthia,Hunter
248,Ashley,Smith
249,Laura,Thompson
250,Walter,Perez
251,Shirley,Grant
252,Ann,Nguyen
253,Michael,Sanchez
254,Dennis,Matthews
255,Teresa,Oliver
256,Nancy,Carter
257,Joseph,Little
258,Daniel,Ryan
259,Kevin,Gonzales
260,Kathy,Kelley
261,Lori,Hunt
262,Todd,Anderson
263,Ann,Perkins
264,Joshua,Morales
265,Gary,Howard
266,Anna,Richardson
267,Christopher,Hill
268,Keith,Mendoza
269,Philip,Frazier
270,Marie,Peterson
271,Sarah,Spencer
272,Matthew,Wright
273,Douglas,Gomez
274,Willie,Armstrong
275,Brandon,Hayes
276,Jason,Johnston
277,Carolyn,Grant
278,Justin,Olson
279,Willie,Nichols
280,Sharon,Garrett
281,Donna,Davis
282,Tina,James
283,Charles,Sullivan
284,Kathryn,Martinez
285,Thomas,Holmes
286,Kimberly,Young
287,Bruce,Fisher
288,Nicole,Lopez
289,Donald,Martin
290,Christina,Arnold
291,Fred,West
292,Deborah,Johnson
293,Michelle,Garrett
294,Kathleen,Burns
295,Steven,Gardner
296,Jason,Hamilton
297,Barbara,Wright
298,Heather,Thomas
299,Terry,Nguyen
300,Marie,Price
301,Sean,Schmidt
302,Kevin,Scott
303,Evelyn,Watson
304,Tammy,Garza
305,Terry,Hansen
306,Kimberly,Garza
307,Betty,Robinson
308,Sean,Dean
309,Joyce,Watkins
310,Johnny,Hudson
311,Alan,Howell
312,Gregory,Myers
313,Karen,Martin
314,Virginia,Watkins
315,Cheryl,Sanchez
316,Anthony,Reyes
317,Julia,Chapman
318,Clarence,Brown
319,Robert,Carter
320,Lawrence,Hunter
321,Katherine,Sanchez
322,Benjamin,Greene
323,Paul,Stewart
324,Frank,Carr
325,Gloria,Pierce
326,Carlos,Hansen
327,Rose,Harrison
328,Jose,Griffin
329,Gerald,Shaw
330,Irene,Rice
331,Martha,Freeman
332,Russell,White
333,Sandra,Smith
334,Susan,Martinez
335,Joe,Richardson
336,Tammy,Mccoy
337,Lisa,Ross
338,Carl,Dixon
339,Alan,Lewis
340,Joyce,Reyes
341,Julia,Romero
342,Jesse,Patterson
343,Joseph,Gordon
344,Kevin,Daniels
345,Bobby,Lopez
346,Catherine,Weaver
347,Gloria,Price
348,Judith,Harrison
349,Justin,Cook
350,Kimberly,Frazier
351,Lisa,Watson
352,Carlos,Chapman
353,Kathleen,Price
354,Steven,Cooper
355,Clarence,Berry
356,Andrea,Rice
357,Jason,Hall
358,John,Howell
359,Russell,Weaver
360,Paul,Little
361,Kevin,Ryan
362,Anna,Robertson
363,Patrick,Gomez
364,Kimberly,Marshall
365,Richard,Edwards
366,Samuel,Austin
367,Juan,Morgan
368,Kelly,Vasquez
369,Linda,Woods
370,Annie,Daniels
371,Debra,Walker
372,Andrew,Simpson
373,Martin,Patterson
374,Kathy,Hunter
375,David,Austin
376,Nancy,Olson
377,Robin,King
378,Joseph,Bradley
379,Bruce,Watkins
380,Diane,Thomas
381,Ruby,Sullivan
382,Marie,Lane
383,Craig,Morgan
384,Albert,Reynolds
385,Anthony,Willis
386,Jerry,Reed
387,Ruth,West
388,Nancy,Young
389,Martha,Griffin
390,Kelly,Boyd
391,Todd,Carpenter
392,Jonathan,Jacobs
393,Chris,James
394,Heather,Hansen
395,Todd,Gordon
396,Frank,Lee
397,Jesse,Rose
398,Arthur,Jenkins
399,Terry,Rivera
400,Cynthia,Henderson
401,Raymond,Campbell
402,Chris,Adams
403,Brandon,Welch
404,Robert,Gibson
405,Kathleen,Mason
406,Deborah,Washington
407,Jacqueline,Ramos
408,Terry,Sullivan
409,Linda,Myers
410,Henry,Garza
411,Clarence,Ellis
412,Beverly,Burke
413,Juan,Lee
414,Ann,Lawson
415,Phyllis,Garcia
416,Pamela,Austin
417,Patrick,Alexander
418,Jerry,Mendoza
419,William,Warren
420,Juan,Lopez
421,Kevin,Hawkins
422,Gloria,Moreno
423,Joshua,Jenkins
424,Heather,Day
425,Craig,Ramos
426,Karen,Ruiz
427,Robert,Wilson
428,Walter,Hunter
429,Benjamin,Welch
430,Thomas,Lawson
431,Wayne,Snyder
432,Denise,West
433,Christine,Snyder
434,Carlos,Hawkins
435,Scott,Larson
436,Lawrence,Martin
437,Sharon,Torres
438,Terry,Hernandez
439,Shawn,Jones
440,Louise,Rodriguez
441,Maria,Jenkins
442,Bobby,Torres
443,Dennis,Lawrence
444,Robin,Banks
445,Katherine,Stevens
446,Billy,Garrett
447,Susan,Harper
448,Jeremy,Moreno
449,Debra,Fox
450,Phyllis,Dean
451,Jerry,Murphy
452,Anne,Hansen
453,Samuel,Rice
454,Walter,Coleman
455,Randy,Hunter
456,Justin,Martinez
457,Wayne,Carroll
458,Ann,Austin
459,Michelle,Russell
460,Jimmy,Meyer
461,Diana,Gutierrez
462,Scott,Hill
463,David,Spencer
464,Carlos,Hawkins
465,Helen,Ryan
466,Christopher,Gonzalez
467,Carolyn,Long
468,Randy,Porter
469,Elizabeth,Bennett
470,Joan,Wells
471,Wayne,Larson
472,Ernest,Gibson
473,Jeremy,Matthews
474,Michael,Lawson
475,Phillip,Sanders
476,Lawrence,Reed
477,Marie,Fowler
478,Teresa,Thompson
479,Teresa,Kelly
480,Denise,Perry
481,Frank,Stewart
482,Jacqueline,Burton
483,Lisa,Gibson
484,Henry,Long
485,Nicole,Thomas
486,Roger,Baker
487,Joan,Taylor
488,Anna,Morgan
489,Katherine,Burke
490,Antonio,Evans
491,Brian,Russell
492,Benjamin,Ramos
493,Rebecca,Wood
494,Judy,Bryant
495,Clarence,Carpenter
496,Paul,Graham
497,Gloria,Johnston
498,Helen,Carroll
499,Pamela,Woods
500,Roy,Woods
